Workbook

Sheet CUOTAS
A1: NOMBRE | B1: RUT | C1: Cuota Sindical | D1: Cuota Fenama | E1: Cuota Confederacion | F1: Descuento Dental | G1: Descuento Telefono/ Plan Celular | H1: Multa Sindical | I1: Otros_dctos SindIcal | J1: Oservacion | K1: SINDICATO | L1: SINDICATO SISTEMA(CORRECTO) | M1: TRUE | N1: EMPRESA
A2: NANCY MADARIAGA | B2: 11971775-2 | C2: 5000 | J2: DOBLE CUOTA | K2: SITAL | L2: =VLOOKUP(B2,'[1]Hoja 1'!$A:$J,10,0) -> #REF! | M2: =L2=K2 -> #REF! | N2: =VLOOKUP(B2,'[1]Hoja 1'!$A:$F,6,0) -> #REF!
A3: GLADYS POBLETE | B3: 18122103-8 | C3: 5000 | J3: DOBLE CUOTA | K3: SITAL | L3: =VLOOKUP(B3,'[1]Hoja 1'!$A:$J,10,0) -> #REF! | M3: =L3=K3 -> #REF! | N3: =VLOOKUP(B3,'[1]Hoja 1'!$A:$F,6,0) -> #REF!
A4: GIOCONDA RETAMALES | B4: 12406831-2 | C4: 5000 | J4: DOBLE CUOTA | K4: SITAL | L4: =VLOOKUP(B4,'[1]Hoja 1'!$A:$J,10,0) -> #REF! | M4: =L4=K4 -> #REF! | N4: =VLOOKUP(B4,'[1]Hoja 1'!$A:$F,6,0) -> #REF!
A5: EDITH BORDILLO | B5: 13031543-7 | C5: 5000 | J5: DOBLE CUOTA | K5: SITAL | L5: =VLOOKUP(B5,'[1]Hoja 1'!$A:$J,10,0) -> #REF! | M5: =L5=K5 -> #REF! | N5: =VLOOKUP(B5,'[1]Hoja 1'!$A:$F,6,0) -> #REF!
A6: AURORA ELOISA CARRASCO ALARCON | B6: 11293958-K | C6: 5000 | J6: DOBLE CUOTA | K6: SITAL | L6: =VLOOKUP(B6,'[1]Hoja 1'!$A:$J,10,0) -> #REF! | M6: =L6=K6 -> #REF! | N6: =VLOOKUP(B6,'[1]Hoja 1'!$A:$F,6,0) -> #REF!
A7: CAROLINA ALEXANDRA VASQUEZ GOMEZ | B7: 20139231-4 | C7: 5000 | J7: DOBLE CUOTA | K7: SITAL | L7: =VLOOKUP(B7,'[1]Hoja 1'!$A:$J,10,0) -> #REF! | M7: =L7=K7 -> #REF! | N7: =VLOOKUP(B7,'[1]Hoja 1'!$A:$F,6,0) -> #REF!
A8: CORINA DEL CARMEN GONZALEZ MUÑOZ | B8: 9479341-6 | C8: 5000 | J8: DOBLE CUOTA | K8: SITAL | L8: =VLOOKUP(B8,'[1]Hoja 1'!$A:$J,10,0) -> #REF! | M8: =L8=K8 -> #REF! | N8: =VLOOKUP(B8,'[1]Hoja 1'!$A:$F,6,0) -> #REF!
A9: ELSA CLARA BERGUÑO SANTIBAÑEZ | B9: 8603844-7 | C9: 5000 | J9: DOBLE CUOTA | K9: SITAL | L9: =VLOOKUP(B9,'[1]Hoja 1'!$A:$J,10,0) -> #REF! | M9: =L9=K9 -> #REF! | N9: =VLOOKUP(B9,'[1]Hoja 1'!$A:$F,6,0) -> #REF!
A10: JESSICA SOLANGE VARGAS BELLO | B10: 12906922-8 | C10: 5000 | J10: DOBLE CUOTA | K10: SITAL | L10: =VLOOKUP(B10,'[1]Hoja 1'!$A:$J,10,0) -> #REF! | M10: =L10=K10 -> #REF! | N10: =VLOOKUP(B10,'[1]Hoja 1'!$A:$F,6,0) -> #REF!
A11: KATHERINE BEATRIZ CARMONA GONZALEZ | B11: 16932964-8 | C11: 5000 | J11: DOBLE CUOTA | K11: SITAL | L11: =VLOOKUP(B11,'[1]Hoja 1'!$A:$J,10,0) -> #REF! | M11: =L11=K11 -> #REF! | N11: =VLOOKUP(B11,'[1]Hoja 1'!$A:$F,6,0) -> #REF!
A12: KATHERIN YSABEL GOMEZ NUÑEZ | B12: 15587846-0 | C12: 5000 | J12: DOBLE CUOTA | K12: SITAL | L12: =VLOOKUP(B12,'[1]Hoja 1'!$A:$J,10,0) -> #REF! | M12: =L12=K12 -> #REF! | N12: =VLOOKUP(B12,'[1]Hoja 1'!$A:$F,6,0) -> #REF!
A13: LUZ JIMENA TRAGO ANTIMAN | B13: 11796214-8 | C13: 5000 | J13: DOBLE CUOTA | K13: SITAL | L13: =VLOOKUP(B13,'[1]Hoja 1'!$A:$J,10,0) -> #REF! | M13: =L13=K13 -> #REF! | N13: =VLOOKUP(B13,'[1]Hoja 1'!$A:$F,6,0) -> #REF!
... A16: SUSSY MAGALY TAPIA PEREZ | B16: 12397855-2 | C16: 5000 | J16: DOBLE CUOTA | K16: SITAL | L16: =VLOOKUP(B16,'[1]Hoja 1'!$A:$J,10,0) -> #REF! | M16: =L16=K16 -> #REF! | N16: =VLOOKUP(B16,'[1]Hoja 1'!$A:$F,6,0) -> #REF!
A17: FANNY DEL CARMEN RAMUREZ JARA | B17: 12875395-8 | C17: 6000 | K17: SINDICATO INTEREMPRESA DE MANIPULADORAS DE ALIMENTOS DE LA PROVINCIA CORDILLERA | L17: =VLOOKUP(B17,'[1]Hoja 1'!$A:$J,10,0) -> #REF! | M17: =L17=K17 -> #REF! | N17: =VLOOKUP(B17,'[1]Hoja 1'!$A:$F,6,0) -> #REF!
A18: LYNDA RAQUEL ARAGON VALDES | B18: 13835916-6 | C18: 6000 | K18: SINDICATO INTEREMPRESA DE MANIPULADORAS DE ALIMENTOS DE LA PROVINCIA CORDILLERA | L18: =VLOOKUP(B18,'[1]Hoja 1'!$A:$J,10,0) -> #REF! | M18: =L18=K18 -> #REF! | N18: =VLOOKUP(B18,'[1]Hoja 1'!$A:$F,6,0) -> #REF!
A19: María Jacqueline Bazan Orellana | B19: 10459663-0 | C19: 5000 | I19: 2000 | K19: SINDICATO INTEREMPRESA SINTRAPAE RENQUI | L19: =VLOOKUP(B19,'[1]Hoja 1'!$A:$J,10,0) -> #REF! | M19: =L19=K19 -> #REF! | N19: =VLOOKUP(B19,'[1]Hoja 1'!$A:$F,6,0) -> #REF!
A20: Elena Margarita Ayala Cabrera | B20: 11549620-4 | C20: 5000 | I20: 2000 | K20: SINDICATO INTEREMPRESA SINTRAPAE RENQUI | L20: =VLOOKUP(B20,'[1]Hoja 1'!$A:$J,10,0) -> #REF! | M20: =L20=K20 -> #REF! | N20: =VLOOKUP(B20,'[1]Hoja 1'!$A:$F,6,0) -> #REF!
A21: Elsa Marisol Llanca Saavedra | B21: 10471922-8 | C21: 5000 | I21: 2000 | K21: SINDICATO INTEREMPRESA SINTRAPAE RENQUI | L21: =VLOOKUP(B21,'[1]Hoja 1'!$A:$J,10,0) -> #REF! | M21: =L21=K21 -> #REF! | N21: =VLOOKUP(B21,'[1]Hoja 1'!$A:$F,6,0) -> #REF!
A22: Yocelyn del Carmen Zapata Yáñez | B22: 15481206-7 | C22: 5000 | I22: 2000 | K22: SINDICATO INTEREMPRESA SINTRAPAE RENQUI | L22: =VLOOKUP(B22,'[1]Hoja 1'!$A:$J,10,0) -> #REF! | M22: =L22=K22 -> #REF! | N22: =VLOOKUP(B22,'[1]Hoja 1'!$A:$F,6,0) -> #REF!
A23: Laura del Carmen Molina Delgado | B23: 10074715-4 | C23: 5000 | I23: 2000 | K23: SINDICATO INTEREMPRESA SINTRAPAE RENQUI | L23: =VLOOKUP(B23,'[1]Hoja 1'!$A:$J,10,0) -> #REF! | M23: =L23=K23 -> #REF! | N23: =VLOOKUP(B23,'[1]Hoja 1'!$A:$F,6,0) -> #REF!
A24: Elizabeth Johana Aburto Silva | B24: 15505258-9 | C24: 5000 | I24: 2000 | K24: SINDICATO INTEREMPRESA SINTRAPAE RENQUI | L24: =VLOOKUP(B24,'[1]Hoja 1'!$A:$J,10,0) -> #REF! | M24: =L24=K24 -> #REF! | N24: =VLOOKUP(B24,'[1]Hoja 1'!$A:$F,6,0) -> #REF!
A25: Mariana Daniela Toledo jaque | B25: 17425935-6 | C25: 5000 | I25: 2000 | K25: SINDICATO INTEREMPRESA SINTRAPAE RENQUI | L25: =VLOOKUP(B25,'[1]Hoja 1'!$A:$J,10,0) -> #REF! | M25: =L25=K25 -> #REF! | N25: =VLOOKUP(B25,'[1]Hoja 1'!$A:$F,6,0) -> #REF!
A26: Claudina del Carmen Campos Castro | B26: 11147079-0 | C26: 5000 | I26: 2000 | K26: SINDICATO INTEREMPRESA SINTRAPAE RENQUI | L26: =VLOOKUP(B26,'[1]Hoja 1'!$A:$J,10,0) -> #REF! | M26: =L26=K26 -> #REF! | N26: =VLOOKUP(B26,'[1]Hoja 1'!$A:$F,6,0) -> #REF!
A27: Bernardita de las Mercedes Salas Sepulveda | B27: 10497251-9 | C27: 5000 | I27: 2000 | K27: SINDICATO INTEREMPRESA SINTRAPAE RENQUI | L27: =VLOOKUP(B27,'[1]Hoja 1'!$A:$J,10,0) -> #REF! | M27: =L27=K27 -> #REF! | N27: =VLOOKUP(B27,'[1]Hoja 1'!$A:$F,6,0) -> #REF!
A28: Viviana Alejandra Salazar Muñoz | B28: 12655315-3 | C28: 5000 | I28: 2000 | K28: SINDICATO INTEREMPRESA SINTRAPAE RENQUI | L28: =VLOOKUP(B28,'[1]Hoja 1'!$A:$J,10,0) -> #REF! | M28: =L28=K28 -> #REF! | N28: =VLOOKUP(B28,'[1]Hoja 1'!$A:$F,6,0) -> #REF!
A29: Evelyn Margarita Soto Elgueta | B29: 16924326-3 | C29: 5000 | I29: 2000 | K29: SINDICATO INTEREMPRESA SINTRAPAE RENQUI | L29: =VLOOKUP(B29,'[1]Hoja 1'!$A:$J,10,0) -> #REF! | M29: =L29=K29 -> #REF! | N29: =VLOOKUP(B29,'[1]Hoja 1'!$A:$F,6,0) -> #REF!
A30: Elizabeth Del Carmen Agurto Soto | B30: 10940546-9 | C30: 5000 | I30: 2000 | K30: SINDICATO INTEREMPRESA SINTRAPAE RENQUI | L30: =VLOOKUP(B30,'[1]Hoja 1'!$A:$J,10,0) -> #REF! | M30: =L30=K30 -> #REF! | N30: =VLOOKUP(B30,'[1]Hoja 1'!$A:$F,6,0) -> #REF!
... A78: Lucero Nicole Hermosilla Ayala | B78: 18329507-1 | C78: 5000 | I78: 2000 | K78: SINDICATO INTEREMPRESA SINTRAPAE RENQUI | L78: =VLOOKUP(B78,'[1]Hoja 1'!$A:$J,10,0) -> #REF! | M78: =L78=K78 -> #REF! | N78: =VLOOKUP(B78,'[1]Hoja 1'!$A:$F,6,0) -> #REF!
A79: Leticia del Pilar Vidal Antipil | B79: 12899642-7 | C79: 2500 | I79: 2000 | J79: DOBLE CUOTA | K79: SINDICATO INTEREMPRESA SINTRAPAE RENQUI | L79: =VLOOKUP(B79,'[1]Hoja 1'!$A:$J,10,0) -> #REF! | M79: =L79=K79 -> #REF! | N79: =VLOOKUP(B79,'[1]Hoja 1'!$A:$F,6,0) -> #REF!
A80: Sandra del Carmen Otárola Acevedo | B80: 13662267-6 | C80: 5000 | I80: 2000 | K80: SINDICATO INTEREMPRESA SINTRAPAE RENQUI | L80: =VLOOKUP(B80,'[1]Hoja 1'!$A:$J,10,0) -> #REF! | M80: =L80=K80 -> #REF! | N80: =VLOOKUP(B80,'[1]Hoja 1'!$A:$F,6,0) -> #REF!
A81: Tamara Andrea Cristy Pradel | B81: 18279265-9 | C81: 5000 | I81: 0 | K81: SINDICATO INTEREMPRESA SINTRAPAE RENQUI | L81: =VLOOKUP(B81,'[1]Hoja 1'!$A:$J,10,0) -> #REF! | M81: =L81=K81 -> #REF! | N81: =VLOOKUP(B81,'[1]Hoja 1'!$A:$F,6,0) -> #REF!
A82: Génesis Griselda Almarza González | B82: 19586396-2 | C82: 5000 | I82: 2000 | K82: SINDICATO INTEREMPRESA SINTRAPAE RENQUI | L82: =VLOOKUP(B82,'[1]Hoja 1'!$A:$J,10,0) -> #REF! | M82: =L82=K82 -> #REF! | N82: =VLOOKUP(B82,'[1]Hoja 1'!$A:$F,6,0) -> #REF!
A83: Margarita de las Mercedes Reyes Rosales | B83: 10289653-K | C83: 5000 | I83: 2000 | K83: SINDICATO INTEREMPRESA SINTRAPAE RENQUI | L83: =VLOOKUP(B83,'[1]Hoja 1'!$A:$J,10,0) -> #REF! | M83: =L83=K83 -> #REF! | N83: =VLOOKUP(B83,'[1]Hoja 1'!$A:$F,6,0) -> #REF!
A84: Olga Maria Álvarez del Río | B84: 11644563-8 | C84: 5000 | I84: 2000 | K84: SINDICATO INTEREMPRESA SINTRAPAE RENQUI | L84: =VLOOKUP(B84,'[1]Hoja 1'!$A:$J,10,0) -> #REF! | M84: =L84=K84 -> #REF! | N84: =VLOOKUP(B84,'[1]Hoja 1'!$A:$F,6,0) -> #REF!
A85: Rosa Viviana Carrasco Bahamondes | B85: 14039893-4 | C85: 5000 | I85: 2000 | K85: SINDICATO INTEREMPRESA SINTRAPAE RENQUI | L85: =VLOOKUP(B85,'[1]Hoja 1'!$A:$J,10,0) -> #REF! | M85: =L85=K85 -> #REF! | N85: =VLOOKUP(B85,'[1]Hoja 1'!$A:$F,6,0) -> #REF!
A86: Elizabeth Catherine Palacios Negrete | B86: 13036778-K | C86: 5000 | I86: 2000 | K86: SINDICATO INTEREMPRESA SINTRAPAE RENQUI | L86: =VLOOKUP(B86,'[1]Hoja 1'!$A:$J,10,0) -> #REF! | M86: =L86=K86 -> #REF! | N86: =VLOOKUP(B86,'[1]Hoja 1'!$A:$F,6,0) -> #REF!
A87: Isolina de las Mercedes González González | B87: 13085735-3 | C87: 5000 | I87: 2000 | K87: SINDICATO INTEREMPRESA SINTRAPAE RENQUI | L87: =VLOOKUP(B87,'[1]Hoja 1'!$A:$J,10,0) -> #REF! | M87: =L87=K87 -> #REF! | N87: =VLOOKUP(B87,'[1]Hoja 1'!$A:$F,6,0) -> #REF!
A88: Fernanda Tabita Melillan Garrido | B88: 19678087-4 | C88: 5000 | I88: 2000 | K88: SINDICATO INTEREMPRESA SINTRAPAE RENQUI | L88: =VLOOKUP(B88,'[1]Hoja 1'!$A:$J,10,0) -> #REF! | M88: =L88=K88 -> #REF! | N88: =VLOOKUP(B88,'[1]Hoja 1'!$A:$F,6,0) -> #REF!
A89: Estefanía Magaly Gallardo Rojas | B89: 16787712-5 | C89: 5000 | I89: 2000 | K89: SINDICATO INTEREMPRESA SINTRAPAE RENQUI | L89: =VLOOKUP(B89,'[1]Hoja 1'!$A:$J,10,0) -> #REF! | M89: =L89=K89 -> #REF! | N89: =VLOOKUP(B89,'[1]Hoja 1'!$A:$F,6,0) -> #REF!
A90: Monica del Carmen Borquez Borquez | B90: 12672756-9 | C90: 5000 | I90: 2000 | K90: SINDICATO INTEREMPRESA SINTRAPAE RENQUI | L90: =VLOOKUP(B90,'[1]Hoja 1'!$A:$J,10,0) -> #REF! | M90: =L90=K90 -> #REF! | N90: =VLOOKUP(B90,'[1]Hoja 1'!$A:$F,6,0) -> #REF!
A91: Soledad Ivonne Gutierrez Valdivia | B91: 10549585-4 | C91: 5000 | I91: 2000 | K91: SINDICATO INTEREMPRESA SINTRAPAE RENQUI | L91: =VLOOKUP(B91,'[1]Hoja 1'!$A:$J,10,0) -> #REF! | M91: =L91=K91 -> #REF! | N91: =VLOOKUP(B91,'[1]Hoja 1'!$A:$F,6,0) -> #REF!
... A135: Jessica Verónica Flores Canales | B135: 12560540-0 | C135: 5000 | I135: 2000 | K135: SINDICATO INTEREMPRESA SINTRAPAE RENQUI | L135: =VLOOKUP(B135,'[1]Hoja 1'!$A:$J,10,0) -> #REF! | M135: =L135=K135 -> #REF! | N135: =VLOOKUP(B135,'[1]Hoja 1'!$A:$F,6,0) -> #REF!
A136: Gloria De las Mercedes Flores López | B136: 10869308-8 | C136: 2500 | I136: 2000 | J136: DOBLE CUOTA | K136: SINDICATO INTEREMPRESA SINTRAPAE RENQUI | L136: =VLOOKUP(B136,'[1]Hoja 1'!$A:$J,10,0) -> #REF! | M136: =L136=K136 -> #REF! | N136: =VLOOKUP(B136,'[1]Hoja 1'!$A:$F,6,0) -> #REF!
A137: Cecilia del Carmen Gómez Delgado | B137: 10405227-4 | C137: 2500 | I137: 2000 | J137: DOBLE CUOTA | K137: SINDICATO INTEREMPRESA SINTRAPAE RENQUI | L137: =VLOOKUP(B137,'[1]Hoja 1'!$A:$J,10,0) -> #REF! | M137: =L137=K137 -> #REF! | N137: =VLOOKUP(B137,'[1]Hoja 1'!$A:$F,6,0) -> #REF!
A138: Carolina Alejandra Díaz Herrera | B138: 15479761-0 | C138: 2500 | I138: 2000 | J138: DOBLE CUOTA | K138: SINDICATO INTEREMPRESA SINTRAPAE RENQUI | L138: =VLOOKUP(B138,'[1]Hoja 1'!$A:$J,10,0) -> #REF! | M138: =L138=K138 -> #REF! | N138: =VLOOKUP(B138,'[1]Hoja 1'!$A:$F,6,0) -> #REF!
A139: Cecilia Mirta Mulato Llao | B139: 12330964-2 | C139: 2500 | I139: 2000 | J139: DOBLE CUOTA | K139: SINDICATO INTEREMPRESA SINTRAPAE RENQUI | L139: =VLOOKUP(B139,'[1]Hoja 1'!$A:$J,10,0) -> #REF! | M139: =L139=K139 -> #REF! | N139: =VLOOKUP(B139,'[1]Hoja 1'!$A:$F,6,0) -> #REF!
A140: Carola Alejandra Godoy Navarro | B140: 12639817-4 | C140: 2500 | I140: 2000 | J140: DOBLE CUOTA | K140: SINDICATO INTEREMPRESA SINTRAPAE RENQUI | L140: =VLOOKUP(B140,'[1]Hoja 1'!$A:$J,10,0) -> #REF! | M140: =L140=K140 -> #REF! | N140: =VLOOKUP(B140,'[1]Hoja 1'!$A:$F,6,0) -> #REF!
A141: Marta Francisca Alvayay Gaete | B141: 9570558-8 | C141: 2500 | I141: 2000 | J141: DOBLE CUOTA | K141: SINDICATO INTEREMPRESA SINTRAPAE RENQUI | L141: =VLOOKUP(B141,'[1]Hoja 1'!$A:$J,10,0) -> #REF! | M141: =L141=K141 -> #REF! | N141: =VLOOKUP(B141,'[1]Hoja 1'!$A:$F,6,0) -> #REF!
A142: María Angélica Carrasco Carrasco | B142: 9605267-7 | C142: 2500 | I142: 2000 | J142: DOBLE CUOTA | K142: SINDICATO INTEREMPRESA SINTRAPAE RENQUI | L142: =VLOOKUP(B142,'[1]Hoja 1'!$A:$J,10,0) -> #REF! | M142: =L142=K142 -> #REF! | N142: =VLOOKUP(B142,'[1]Hoja 1'!$A:$F,6,0) -> #REF!
A143: Paola Alejandra Aguilar Velásquez | B143: 13591999-3 | C143: 2500 | I143: 2000 | J143: DOBLE CUOTA | K143: SINDICATO INTEREMPRESA SINTRAPAE RENQUI | L143: =VLOOKUP(B143,'[1]Hoja 1'!$A:$J,10,0) -> #REF! | M143: =L143=K143 -> #REF! | N143: =VLOOKUP(B143,'[1]Hoja 1'!$A:$F,6,0) -> #REF!
A144: Cecilia del Carmen Henríquez Barra | B144: 11688233-7 | C144: 2500 | I144: 2000 | J144: DOBLE CUOTA | K144: SINDICATO INTEREMPRESA SINTRAPAE RENQUI | L144: =VLOOKUP(B144,'[1]Hoja 1'!$A:$J,10,0) -> #REF! | M144: =L144=K144 -> #REF! | N144: =VLOOKUP(B144,'[1]Hoja 1'!$A:$F,6,0) -> #REF!
A145: Romina Estefanía Leiva Martínez | B145: 16932390-9 | C145: 5000 | I145: 2000 | K145: SINDICATO INTEREMPRESA SINTRAPAE RENQUI | L145: =VLOOKUP(B145,'[1]Hoja 1'!$A:$J,10,0) -> #REF! | M145: =L145=K145 -> #REF! | N145: =VLOOKUP(B145,'[1]Hoja 1'!$A:$F,6,0) -> #REF!
A146: Edhith Lorena Quezada Mario | B146: 13966995-9 | C146: 2500 | I146: 2000 | J146: DOBLE CUOTA | K146: SINDICATO INTEREMPRESA SINTRAPAE RENQUI | L146: =VLOOKUP(B146,'[1]Hoja 1'!$A:$J,10,0) -> #REF! | M146: =L146=K146 -> #REF! | N146: =VLOOKUP(B146,'[1]Hoja 1'!$A:$F,6,0) -> #REF!
A147: Natalia Lorena Orellana Gutiérrez | B147: 12876735-5 | C147: 5000 | I147: 2000 | K147: SINDICATO INTEREMPRESA SINTRAPAE RENQUI | L147: =VLOOKUP(B147,'[1]Hoja 1'!$A:$J,10,0) -> #REF! | M147: =L147=K147 -> #REF! | N147: =VLOOKUP(B147,'[1]Hoja 1'!$A:$F,6,0) -> #REF!
A148: Mary Sebastiana Utreras | B148: 9241708-5 | C148: 2500 | I148: 2000 | J148: DOBLE CUOTA | K148: SINDICATO INTEREMPRESA SINTRAPAE RENQUI | L148: =VLOOKUP(B148,'[1]Hoja 1'!$A:$J,10,0) -> #REF! | M148: =L148=K148 -> #REF! | N148: =VLOOKUP(B148,'[1]Hoja 1'!$A:$F,6,0) -> #REF!
A149: Karina del Carmen González López | B149: 15608130-2 | C149: 2500 | I149: 2000 | J149: DOBLE CUOTA | K149: SINDICATO INTEREMPRESA SINTRAPAE RENQUI | L149: =VLOOKUP(B149,'[1]Hoja 1'!$A:$J,10,0) -> #REF! | M149: =L149=K149 -> #REF! | N149: =VLOOKUP(B149,'[1]Hoja 1'!$A:$F,6,0) -> #REF!
A150: Pamela Graciela González San Martín | B150: 13298508-1 | C150: 2500 | I150: 2000 | J150: DOBLE CUOTA | K150: SINDICATO INTEREMPRESA SINTRAPAE RENQUI | L150: =VLOOKUP(B150,'[1]Hoja 1'!$A:$J,10,0) -> #REF! | M150: =L150=K150 -> #REF! | N150: =VLOOKUP(B150,'[1]Hoja 1'!$A:$F,6,0) -> #REF!
A151: Cynthia Judith Olivares Páez | B151: 16085526-6 | C151: 2500 | I151: 2000 | J151: DOBLE CUOTA | K151: SINDICATO INTEREMPRESA SINTRAPAE RENQUI | L151: =VLOOKUP(B151,'[1]Hoja 1'!$A:$J,10,0) -> #REF! | M151: =L151=K151 -> #REF! | N151: =VLOOKUP(B151,'[1]Hoja 1'!$A:$F,6,0) -> #REF!
A152: Paola del Pilar Ruz Báez | B152: 18698465-K | C152: 2500 | I152: 2000 | J152: DOBLE CUOTA | K152: SINDICATO INTEREMPRESA SINTRAPAE RENQUI | L152: =VLOOKUP(B152,'[1]Hoja 1'!$A:$J,10,0) -> #REF! | M152: =L152=K152 -> #REF! | N152: =VLOOKUP(B152,'[1]Hoja 1'!$A:$F,6,0) -> #REF!
A153: Jeanette Paola Marican Reyes | B153: 15328701-5 | C153: 2500 | I153: 2000 | J153: DOBLE CUOTA | K153: SINDICATO INTEREMPRESA SINTRAPAE RENQUI | L153: =VLOOKUP(B153,'[1]Hoja 1'!$A:$J,10,0) -> #REF! | M153: =L153=K153 -> #REF! | N153: =VLOOKUP(B153,'[1]Hoja 1'!$A:$F,6,0) -> #REF!
A154: Carolina Del Pilar Salazar Silva | B154: 11109932-4 | C154: 2500 | I154: 2000 | J154: DOBLE CUOTA | K154: SINDICATO INTEREMPRESA SINTRAPAE RENQUI | L154: =VLOOKUP(B154,'[1]Hoja 1'!$A:$J,10,0) -> #REF! | M154: =L154=K154 -> #REF! | N154: =VLOOKUP(B154,'[1]Hoja 1'!$A:$F,6,0) -> #REF!
A155: VERDUGO RODRIGUEZ MARCELA SOLEDAD | B155: 12900041-4 | C155: 5390 | K155: SINDICATO INTEREMPRESA ALISERVICE DISTAL | L155: =VLOOKUP(B155,'[1]Hoja 1'!$A:$J,10,0) -> #REF! | M155: =L155=K155 -> #REF! | N155: =VLOOKUP(B155,'[1]Hoja 1'!$A:$F,6,0) -> #REF!
A156: PASMIÑO VEJAR CAMILA ISABEL | B156: 20188266-4 | C156: 5390 | K156: SINDICATO INTEREMPRESA ALISERVICE DISTAL | L156: =VLOOKUP(B156,'[1]Hoja 1'!$A:$J,10,0) -> #REF! | M156: =L156=K156 -> #REF! | N156: =VLOOKUP(B156,'[1]Hoja 1'!$A:$F,6,0) -> #REF!
A157: NAVARRETE OLAVE GUILLERMINA LORETO | B157: 13079036-4 | C157: 5390 | K157: SINDICATO INTEREMPRESA ALISERVICE DISTAL | L157: =VLOOKUP(B157,'[1]Hoja 1'!$A:$J,10,0) -> #REF! | M157: =L157=K157 -> #REF! | N157: =VLOOKUP(B157,'[1]Hoja 1'!$A:$F,6,0) -> #REF!
A158: VEJAR PINO PAMELA ALEJANDRA | B158: 16692646-7 | C158: 5390 | K158: SINDICATO INTEREMPRESA ALISERVICE DISTAL | L158: =VLOOKUP(B158,'[1]Hoja 1'!$A:$J,10,0) -> #REF! | M158: =L158=K158 -> #REF! | N158: =VLOOKUP(B158,'[1]Hoja 1'!$A:$F,6,0) -> #REF!
A159: HERMOSILLA REYES LIDIA DEL CARMEN | B159: 10047557-K | C159: 5390 | K159: SINDICATO INTEREMPRESA ALISERVICE DISTAL | L159: =VLOOKUP(B159,'[1]Hoja 1'!$A:$J,10,0) -> #REF! | M159: =L159=K159 -> #REF! | N159: =VLOOKUP(B159,'[1]Hoja 1'!$A:$F,6,0) -> #REF!
A160: URZUA FERNANDEZ PAOLA | B160: 12286189-9 | C160: 5390 | K160: SINDICATO INTEREMPRESA ALISERVICE DISTAL | L160: =VLOOKUP(B160,'[1]Hoja 1'!$A:$J,10,0) -> #REF! | M160: =L160=K160 -> #REF! | N160: =VLOOKUP(B160,'[1]Hoja 1'!$A:$F,6,0) -> #REF!
A161: CARREÑO TORO SANDY INGRID | B161: 12676483-9 | C161: 5390 | K161: SINDICATO INTEREMPRESA ALISERVICE DISTAL | L161: =VLOOKUP(B161,'[1]Hoja 1'!$A:$J,10,0) -> #REF! | M161: =L161=K161 -> #REF! | N161: =VLOOKUP(B161,'[1]Hoja 1'!$A:$F,6,0) -> #REF!
A162: DE LA FUENTE MERA NICOLE DENISSE | B162: 17005312-5 | C162: 5390 | K162: SINDICATO INTEREMPRESA ALISERVICE DISTAL | L162: =VLOOKUP(B162,'[1]Hoja 1'!$A:$J,10,0) -> #REF! | M162: =L162=K162 -> #REF! | N162: =VLOOKUP(B162,'[1]Hoja 1'!$A:$F,6,0) -> #REF!
A163: VERDUGO ALVAREZ KAREN HISIS | B163: 16265235-4 | C163: 5390 | K163: SINDICATO INTEREMPRESA ALISERVICE DISTAL | L163: =VLOOKUP(B163,'[1]Hoja 1'!$A:$J,10,0) -> #REF! | M163: =L163=K163 -> #REF! | N163: =VLOOKUP(B163,'[1]Hoja 1'!$A:$F,6,0) -> #REF!
A164: RODRIGUEZ CHAVEZ ADELA ADRIANA | B164: 10584359-3 | C164: 5390 | K164: SINDICATO INTEREMPRESA ALISERVICE DISTAL | L164: =VLOOKUP(B164,'[1]Hoja 1'!$A:$J,10,0) -> #REF! | M164: =L164=K164 -> #REF! | N164: =VLOOKUP(B164,'[1]Hoja 1'!$A:$F,6,0) -> #REF!
A165: CUEVAS LARA NICOLE VALESKA | B165: 17277873-9 | C165: 5390 | K165: SINDICATO INTEREMPRESA ALISERVICE DISTAL | L165: =VLOOKUP(B165,'[1]Hoja 1'!$A:$J,10,0) -> #REF! | M165: =L165=K165 -> #REF! | N165: =VLOOKUP(B165,'[1]Hoja 1'!$A:$F,6,0) -> #REF!
A166: ZAMORANO CARRASCO ELIZABETH | B166: 12890222-8 | C166: 0 | K166: SINDICATO INTEREMPRESA ALISERVICE DISTAL | L166: =VLOOKUP(B166,'[1]Hoja 1'!$A:$J,10,0) -> #REF! | M166: =L166=K166 -> #REF! | N166: =VLOOKUP(B166,'[1]Hoja 1'!$A:$F,6,0) -> #REF!
A167: AHUMADA HENRIQUEZ ANA | B167: 11877946-0 | C167: 6000 | E167: 800 | K167: SINDICATO INTEREMPRESA MANIPULADORAS GUERRERA PAE | L167: =VLOOKUP(B167,'[1]Hoja 1'!$A:$J,10,0) -> #REF! | M167: =L167=K167 -> #REF! | N167: =VLOOKUP(B167,'[1]Hoja 1'!$A:$F,6,0) -> #REF!
A168: ACUÑA ULLOA DARLING | B168: 10388119-6 | C168: 6000 | E168: 800 | K168: SINDICATO INTEREMPRESA MANIPULADORAS GUERRERA PAE | L168: =VLOOKUP(B168,'[1]Hoja 1'!$A:$J,10,0) -> #REF! | M168: =L168=K168 -> #REF! | N168: =VLOOKUP(B168,'[1]Hoja 1'!$A:$F,6,0) -> #REF!
A169: AILLAPAN MARTINEZ ERIKA | B169: 13711756-8 | C169: 6000 | E169: 800 | K169: SINDICATO INTEREMPRESA MANIPULADORAS GUERRERA PAE | L169: =VLOOKUP(B169,'[1]Hoja 1'!$A:$J,10,0) -> #REF! | M169: =L169=K169 -> #REF! | N169: =VLOOKUP(B169,'[1]Hoja 1'!$A:$F,6,0) -> #REF!
A170: BUSTOS BUSTOS NICOLE | B170: 16088051-1 | C170: 6000 | E170: 800 | K170: SINDICATO INTEREMPRESA MANIPULADORAS GUERRERA PAE | L170: =VLOOKUP(B170,'[1]Hoja 1'!$A:$J,10,0) -> #REF! | M170: =L170=K170 -> #REF! | N170: =VLOOKUP(B170,'[1]Hoja 1'!$A:$F,6,0) -> #REF!
A171: CABEZAS LEIVA MARIA | B171: 13702973-1 | C171: 6000 | E171: 800 | K171: SINDICATO INTEREMPRESA MANIPULADORAS GUERRERA PAE | L171: =VLOOKUP(B171,'[1]Hoja 1'!$A:$J,10,0) -> #REF! | M171: =L171=K171 -> #REF! | N171: =VLOOKUP(B171,'[1]Hoja 1'!$A:$F,6,0) -> #REF!
A172: CARO CARO NORMA | B172: 15824712-7 | C172: 6000 | E172: 800 | K172: SINDICATO INTEREMPRESA MANIPULADORAS GUERRERA PAE | L172: =VLOOKUP(B172,'[1]Hoja 1'!$A:$J,10,0) -> #REF! | M172: =L172=K172 -> #REF! | N172: =VLOOKUP(B172,'[1]Hoja 1'!$A:$F,6,0) -> #REF!
A173: CARDENAS TAPIA PAOLA | B173: 12681928-5 | C173: 6000 | E173: 800 | K173: SINDICATO INTEREMPRESA MANIPULADORAS GUERRERA PAE | L173: =VLOOKUP(B173,'[1]Hoja 1'!$A:$J,10,0) -> #REF! | M173: =L173=K173 -> #REF! | N173: =VLOOKUP(B173,'[1]Hoja 1'!$A:$F,6,0) -> #REF!
A174: CHACON ORTEGA JEANNETTE | B174: 14485564-7 | C174: 6000 | E174: 800 | K174: SINDICATO INTEREMPRESA MANIPULADORAS GUERRERA PAE | L174: =VLOOKUP(B174,'[1]Hoja 1'!$A:$J,10,0) -> #REF! | M174: =L174=K174 -> #REF! | N174: =VLOOKUP(B174,'[1]Hoja 1'!$A:$F,6,0) -> #REF!
A175: CHACON ORTEGA JOCELIN | B175: 15454844-0 | C175: 6000 | E175: 800 | K175: SINDICATO INTEREMPRESA MANIPULADORAS GUERRERA PAE | L175: =VLOOKUP(B175,'[1]Hoja 1'!$A:$J,10,0) -> #REF! | M175: =L175=K175 -> #REF! | N175: =VLOOKUP(B175,'[1]Hoja 1'!$A:$F,6,0) -> #REF!
A176: CONEJEROS REYES LORENA | B176: 11249371-9 | C176: 6000 | E176: 800 | K176: SINDICATO INTEREMPRESA MANIPULADORAS GUERRERA PAE | L176: =VLOOKUP(B176,'[1]Hoja 1'!$A:$J,10,0) -> #REF! | M176: =L176=K176 -> #REF! | N176: =VLOOKUP(B176,'[1]Hoja 1'!$A:$F,6,0) -> #REF!
A177: CORNEJO ESPINOZA FABIOLA | B177: 15435580-4 | C177: 6000 | E177: 800 | K177: SINDICATO INTEREMPRESA MANIPULADORAS GUERRERA PAE | L177: =VLOOKUP(B177,'[1]Hoja 1'!$A:$J,10,0) -> #REF! | M177: =L177=K177 -> #REF! | N177: =VLOOKUP(B177,'[1]Hoja 1'!$A:$F,6,0) -> #REF!
A178: DELGADO COLLADO JACQUELINE | B178: 13705448-5 | C178: 6000 | E178: 800 | K178: SINDICATO INTEREMPRESA MANIPULADORAS GUERRERA PAE | L178: =VLOOKUP(B178,'[1]Hoja 1'!$A:$J,10,0) -> #REF! | M178: =L178=K178 -> #REF! | N178: =VLOOKUP(B178,'[1]Hoja 1'!$A:$F,6,0) -> #REF!
... A197: JIMENEZ ORTIZ JOSELYN | B197: 16044258-1 | C197: 6000 | E197: 800 | K197: SINDICATO INTEREMPRESA MANIPULADORAS GUERRERA PAE | L197: =VLOOKUP(B197,'[1]Hoja 1'!$A:$J,10,0) -> #REF! | M197: =L197=K197 -> #REF! | N197: =VLOOKUP(B197,'[1]Hoja 1'!$A:$F,6,0) -> #REF!
A198: LEPE MIRANDA TABITA | B198: 15787924-3 | C198: 6000 | E198: 800 | I198: 36250 | K198: SINDICATO INTEREMPRESA MANIPULADORAS GUERRERA PAE | L198: =VLOOKUP(B198,'[1]Hoja 1'!$A:$J,10,0) -> #REF! | M198: =L198=K198 -> #REF! | N198: =VLOOKUP(B198,'[1]Hoja 1'!$A:$F,6,0) -> #REF!
A199: LUEIZA MANQUELIPE CLAUDIA | B199: 16015690-2 | C199: 6000 | E199: 800 | F199: 87733 | K199: SINDICATO INTEREMPRESA MANIPULADORAS GUERRERA PAE | L199: =VLOOKUP(B199,'[1]Hoja 1'!$A:$J,10,0) -> #REF! | M199: =L199=K199 -> #REF! | N199: =VLOOKUP(B199,'[1]Hoja 1'!$A:$F,6,0) -> #REF!
A200: LUCO BELMAR LETICIA | B200: 10941729-7 | C200: 6000 | E200: 800 | K200: SINDICATO INTEREMPRESA MANIPULADORAS GUERRERA PAE | L200: =VLOOKUP(B200,'[1]Hoja 1'!$A:$J,10,0) -> #REF! | M200: =L200=K200 -> #REF! | N200: =VLOOKUP(B200,'[1]Hoja 1'!$A:$F,6,0) -> #REF!
A201: MARTINEZ SANDOVAL ROSA | B201: 6561635-1 | C201: 6000 | E201: 800 | K201: SINDICATO INTEREMPRESA MANIPULADORAS GUERRERA PAE | L201: =VLOOKUP(B201,'[1]Hoja 1'!$A:$J,10,0) -> #REF! | M201: =L201=K201 -> #REF! | N201: =VLOOKUP(B201,'[1]Hoja 1'!$A:$F,6,0) -> #REF!
A202: MARTINI MARTINI AMELIA | B202: 12353905-2 | C202: 6000 | E202: 800 | K202: SINDICATO INTEREMPRESA MANIPULADORAS GUERRERA PAE | L202: =VLOOKUP(B202,'[1]Hoja 1'!$A:$J,10,0) -> #REF! | M202: =L202=K202 -> #REF! | N202: =VLOOKUP(B202,'[1]Hoja 1'!$A:$F,6,0) -> #REF!
A203: MAUREIRA SEPULVEDA EMA | B203: 10385557-8 | C203: 6000 | E203: 800 | K203: SINDICATO INTEREMPRESA MANIPULADORAS GUERRERA PAE | L203: =VLOOKUP(B203,'[1]Hoja 1'!$A:$J,10,0) -> #REF! | M203: =L203=K203 -> #REF! | N203: =VLOOKUP(B203,'[1]Hoja 1'!$A:$F,6,0) -> #REF!
A204: MESINA VALENZUELA JAZMIN | B204: 16222233-3 | C204: 6000 | E204: 800 | K204: SINDICATO INTEREMPRESA MANIPULADORAS GUERRERA PAE | L204: =VLOOKUP(B204,'[1]Hoja 1'!$A:$J,10,0) -> #REF! | M204: =L204=K204 -> #REF! | N204: =VLOOKUP(B204,'[1]Hoja 1'!$A:$F,6,0) -> #REF!
A205: MORALES GONZALEZ DORIS | B205: 8127915-2 | C205: 6000 | E205: 800 | K205: SINDICATO INTEREMPRESA MANIPULADORAS GUERRERA PAE | L205: =VLOOKUP(B205,'[1]Hoja 1'!$A:$J,10,0) -> #REF! | M205: =L205=K205 -> #REF! | N205: =VLOOKUP(B205,'[1]Hoja 1'!$A:$F,6,0) -> #REF!
A206: MUÑOZ CORREA VANESSA | B206: 17228918-5 | C206: 6000 | E206: 800 | K206: SINDICATO INTEREMPRESA MANIPULADORAS GUERRERA PAE | L206: =VLOOKUP(B206,'[1]Hoja 1'!$A:$J,10,0) -> #REF! | M206: =L206=K206 -> #REF! | N206: =VLOOKUP(B206,'[1]Hoja 1'!$A:$F,6,0) -> #REF!
A207: MUÑOZ TORRES BARBARA | B207: 16413405-9 | C207: 6000 | E207: 800 | K207: SINDICATO INTEREMPRESA MANIPULADORAS GUERRERA PAE | L207: =VLOOKUP(B207,'[1]Hoja 1'!$A:$J,10,0) -> #REF! | M207: =L207=K207 -> #REF! | N207: =VLOOKUP(B207,'[1]Hoja 1'!$A:$F,6,0) -> #REF!
A208: MUÑOZ VARGAS XIMENA | B208: 13199395-1 | C208: 6000 | E208: 800 | K208: SINDICATO INTEREMPRESA MANIPULADORAS GUERRERA PAE | L208: =VLOOKUP(B208,'[1]Hoja 1'!$A:$J,10,0) -> #REF! | M208: =L208=K208 -> #REF! | N208: =VLOOKUP(B208,'[1]Hoja 1'!$A:$F,6,0) -> #REF!
A209: MAOTOYA HERNENDEZ CAROLAINE | B209: 19570594-1 | C209: 6000 | E209: 800 | K209: SINDICATO INTEREMPRESA MANIPULADORAS GUERRERA PAE | L209: =VLOOKUP(B209,'[1]Hoja 1'!$A:$J,10,0) -> #REF! | M209: =L209=K209 -> #REF! | N209: =VLOOKUP(B209,'[1]Hoja 1'!$A:$F,6,0) -> #REF!
A210: NAVARRO ESPINOZA SOLEDAD | B210: 15702517-1 | C210: 6000 | E210: 800 | K210: SINDICATO INTEREMPRESA MANIPULADORAS GUERRERA PAE | L210: =VLOOKUP(B210,'[1]Hoja 1'!$A:$J,10,0) -> #REF! | M210: =L210=K210 -> #REF! | N210: =VLOOKUP(B210,'[1]Hoja 1'!$A:$F,6,0) -> #REF!
...

Sheet CORRECIONES
A2: NOMBRE | B2: RUT | C2: motivo | D2: corregir | E2: SINDICATO
A3: VEJAR PINO PAMELA ALEJANDRA | B3: 16692656-7 | C3: ERROR EN EN EL RUT | D3: 16692646-7 | E3: SINDICATO INTEREMPRESA ALISERVICE DISTAL
A4: PAVEZ PRADENAS | B4: 22584903-K | C4: FINIQUITADA | E4: SINDICATO INTEREMPRESA ALISERVICE DISTAL
A5: GALLARDO MERY NICOL | B5: 18636141-1 | C5: ERROR EN EN EL RUT | D5: 18363141-1 | E5: SINDICATO INTEREMPRESA MANIPULADORAS GUERRERA PAE
A6: PAINE NIETO MARGARITA | B6: 9410734-2 | C6: FINIQUITADA | E6: SINDICATO INTEREMPRESA MANIPULADORAS GUERRERA PAE
A7: CAMILA MAKARENA CHAVEZ CHAVEZ | B7: 19095775-9 | C7: ERROR EN EN EL RUT | D7: 19095775-6 | E7: SINDICATO INTEREMPRESA MUJERES INDEPENDIENTES

Sheet SINDICATOS RECIBIDOS
A1: SINDICATO | B1: RECIBIDOS
A2: SINDICATO INTEREMPRESA MANIPULADORAS PAE SIMPAE | B2: si
A3: SINDICATO NACIONAL INTEREMPRESA MANIPULADORA DE ALIMENTOS
A4: SINDICATO QUINTA NORMAL
A5: SINDICATO INTEREMPRESA MANIPULADORAS GUERRERA PAE | B5: si
A6: SINDICATO INTEREMPRESA MUJERES INDEPENDIENTES | B6: si
A7: SINDICATO INTEREMPRESA SINTRAPAE RENQUI | B7: si
A8: SINDICATO INTEREMPRESA DE MANIPULADORAS DE ALIMENTOS LO PRADO | B8: si
A9: SINDICATO INTEREMPRESA SANTIAGO UNIDO | B9: si
A10: SINDICATO INTEREMPRESA ALISERVICE DISTAL | B10: si
A11: SINDICATO INTEREMPRESA DE MANIPULADORAS DE ALIMENTOS DE LA PROVINCIA CORDILLERA | B11: si
A12: SINDICATO SME (2026)
A13: SINDICATO INTEREMPRESA MANIPULADORAS DE ALIMENTO PAE Y PAP (LO BARNECHEA)
A14: SINDICATO INTEREMPRESA DE MANIPULADORAS DE ALIMENTOS SANTIAGO SUR N1
A15: SINDICATO INTEREMPRESA MANIPULADORAS PAE PAP
A16: SITAL | B16: si

Sheet REX+
A1: Plantilla | B1: Nombre colaborador | C1: Contrato | D1: Nombre de contrato | E1: cuotasindical | F1: sindsimpaecuotaconfp | G1: descuentodental | H1: descplantelefonico | I1: multasindical | J1: otrosdescuentossind | K1: cuotasindical2 | L1: Oservacion
A2: 11971775-2 | B2: NANCY MADARIAGA | C2: =VLOOKUP(A2,'Hoja 2'!A:C,3,0) -> 1 | D2: =VLOOKUP(A2,'Hoja 2'!A:D,4,0) -> Contrato 1 | E2: 0 | F2: 0 | G2: 0 | H2: 0 | I2: 0 | J2: 0 | K2: 5000 | L2: DOBLE CUOTA
A3: 18122103-8 | B3: GLADYS POBLETE | C3: =VLOOKUP(A3,'Hoja 2'!A:C,3,0) -> 1 | D3: =VLOOKUP(A3,'Hoja 2'!A:D,4,0) -> Contrato 1 | E3: 0 | F3: 0 | G3: 0 | H3: 0 | I3: 0 | J3: 0 | K3: 5000 | L3: DOBLE CUOTA
A4: 12406831-2 | B4: GIOCONDA RETAMALES | C4: =VLOOKUP(A4,'Hoja 2'!A:C,3,0) -> 1 | D4: =VLOOKUP(A4,'Hoja 2'!A:D,4,0) -> Contrato 1 | E4: 0 | F4: 0 | G4: 0 | H4: 0 | I4: 0 | J4: 0 | K4: 5000 | L4: DOBLE CUOTA
A5: 13031543-7 | B5: EDITH BORDILLO | C5: =VLOOKUP(A5,'Hoja 2'!A:C,3,0) -> 1 | D5: =VLOOKUP(A5,'Hoja 2'!A:D,4,0) -> Contrato 1 | E5: 0 | F5: 0 | G5: 0 | H5: 0 | I5: 0 | J5: 0 | K5: 5000 | L5: DOBLE CUOTA
A6: 11293958-K | B6: AURORA ELOISA CARRASCO ALARCON | C6: =VLOOKUP(A6,'Hoja 2'!A:C,3,0) -> 1 | D6: =VLOOKUP(A6,'Hoja 2'!A:D,4,0) -> Contrato 1 | E6: 0 | F6: 0 | G6: 0 | H6: 0 | I6: 0 | J6: 0 | K6: 5000 | L6: DOBLE CUOTA
A7: 20139231-4 | B7: CAROLINA ALEXANDRA VASQUEZ GOMEZ | C7: =VLOOKUP(A7,'Hoja 2'!A:C,3,0) -> 1 | D7: =VLOOKUP(A7,'Hoja 2'!A:D,4,0) -> Contrato 1 | E7: 0 | F7: 0 | G7: 0 | H7: 0 | I7: 0 | J7: 0 | K7: 5000 | L7: DOBLE CUOTA
A8: 9479341-6 | B8: CORINA DEL CARMEN GONZALEZ MUÑOZ | C8: =VLOOKUP(A8,'Hoja 2'!A:C,3,0) -> 1 | D8: =VLOOKUP(A8,'Hoja 2'!A:D,4,0) -> Contrato 1 | E8: 0 | F8: 0 | G8: 0 | H8: 0 | I8: 0 | J8: 0 | K8: 5000 | L8: DOBLE CUOTA
A9: 8603844-7 | B9: ELSA CLARA BERGUÑO SANTIBAÑEZ | C9: =VLOOKUP(A9,'Hoja 2'!A:C,3,0) -> 1 | D9: =VLOOKUP(A9,'Hoja 2'!A:D,4,0) -> Contrato 1 | E9: 0 | F9: 0 | G9: 0 | H9: 0 | I9: 0 | J9: 0 | K9: 5000 | L9: DOBLE CUOTA
A10: 12906922-8 | B10: JESSICA SOLANGE VARGAS BELLO | C10: =VLOOKUP(A10,'Hoja 2'!A:C,3,0) -> 1 | D10: =VLOOKUP(A10,'Hoja 2'!A:D,4,0) -> Contrato 1 | E10: 0 | F10: 0 | G10: 0 | H10: 0 | I10: 0 | J10: 0 | K10: 5000 | L10: DOBLE CUOTA
A11: 16932964-8 | B11: KATHERINE BEATRIZ CARMONA GONZALEZ | C11: =VLOOKUP(A11,'Hoja 2'!A:C,3,0) -> 1 | D11: =VLOOKUP(A11,'Hoja 2'!A:D,4,0) -> Contrato 1 | E11: 0 | F11: 0 | G11: 0 | H11: 0 | I11: 0 | J11: 0 | K11: 5000 | L11: DOBLE CUOTA
A12: 15587846-0 | B12: KATHERIN YSABEL GOMEZ NUÑEZ | C12: =VLOOKUP(A12,'Hoja 2'!A:C,3,0) -> 1 | D12: =VLOOKUP(A12,'Hoja 2'!A:D,4,0) -> Contrato 1 | E12: 0 | F12: 0 | G12: 0 | H12: 0 | I12: 0 | J12: 0 | K12: 5000 | L12: DOBLE CUOTA
A13: 11796214-8 | B13: LUZ JIMENA TRAGO ANTIMAN | C13: =VLOOKUP(A13,'Hoja 2'!A:C,3,0) -> 1 | D13: =VLOOKUP(A13,'Hoja 2'!A:D,4,0) -> Contrato 1 | E13: 0 | F13: 0 | G13: 0 | H13: 0 | I13: 0 | J13: 0 | K13: 5000 | L13: DOBLE CUOTA
... A16: 12397855-2 | B16: SUSSY MAGALY TAPIA PEREZ | C16: =VLOOKUP(A16,'Hoja 2'!A:C,3,0) -> 1 | D16: =VLOOKUP(A16,'Hoja 2'!A:D,4,0) -> Contrato 1 | E16: 0 | F16: 0 | G16: 0 | H16: 0 | I16: 0 | J16: 0 | K16: 5000 | L16: DOBLE CUOTA
A17: 12875395-8 | B17: FANNY DEL CARMEN RAMUREZ JARA | C17: =VLOOKUP(A17,'Hoja 2'!A:C,3,0) -> 1 | D17: =VLOOKUP(A17,'Hoja 2'!A:D,4,0) -> Contrato 1 | E17: 0 | F17: 0 | G17: 0 | H17: 0 | I17: 0 | J17: 0 | K17: 0
A18: 13835916-6 | B18: LYNDA RAQUEL ARAGON VALDES | C18: =VLOOKUP(A18,'Hoja 2'!A:C,3,0) -> 1 | D18: =VLOOKUP(A18,'Hoja 2'!A:D,4,0) -> Contrato 1 | E18: 0 | F18: 0 | G18: 0 | H18: 0 | I18: 0 | J18: 0 | K18: 0
A19: 10459663-0 | B19: María Jacqueline Bazan Orellana | C19: =VLOOKUP(A19,'Hoja 2'!A:C,3,0) -> 1 | D19: =VLOOKUP(A19,'Hoja 2'!A:D,4,0) -> Contrato 1 | E19: 0 | F19: 0 | G19: 0 | H19: 0 | I19: 0 | J19: 2000 | K19: 0
A20: 11549620-4 | B20: Elena Margarita Ayala Cabrera | C20: =VLOOKUP(A20,'Hoja 2'!A:C,3,0) -> 1 | D20: =VLOOKUP(A20,'Hoja 2'!A:D,4,0) -> Contrato 1 | E20: 0 | F20: 0 | G20: 0 | H20: 0 | I20: 0 | J20: 2000 | K20: 0
A21: 10471922-8 | B21: Elsa Marisol Llanca Saavedra | C21: =VLOOKUP(A21,'Hoja 2'!A:C,3,0) -> 1 | D21: =VLOOKUP(A21,'Hoja 2'!A:D,4,0) -> Contrato 1 | E21: 0 | F21: 0 | G21: 0 | H21: 0 | I21: 0 | J21: 2000 | K21: 0
A22: 15481206-7 | B22: Yocelyn del Carmen Zapata Yáñez | C22: =VLOOKUP(A22,'Hoja 2'!A:C,3,0) -> 1 | D22: =VLOOKUP(A22,'Hoja 2'!A:D,4,0) -> Contrato Manipuladora | E22: 0 | F22: 0 | G22: 0 | H22: 0 | I22: 0 | J22: 2000 | K22: 0
A23: 10074715-4 | B23: Laura del Carmen Molina Delgado | C23: =VLOOKUP(A23,'Hoja 2'!A:C,3,0) -> 1 | D23: =VLOOKUP(A23,'Hoja 2'!A:D,4,0) -> Contrato 1 | E23: 0 | F23: 0 | G23: 0 | H23: 0 | I23: 0 | J23: 2000 | K23: 0
A24: 15505258-9 | B24: Elizabeth Johana Aburto Silva | C24: =VLOOKUP(A24,'Hoja 2'!A:C,3,0) -> 1 | D24: =VLOOKUP(A24,'Hoja 2'!A:D,4,0) -> Contrato 1 | E24: 0 | F24: 0 | G24: 0 | H24: 0 | I24: 0 | J24: 2000 | K24: 0
A25: 17425935-6 | B25: Mariana Daniela Toledo jaque | C25: =VLOOKUP(A25,'Hoja 2'!A:C,3,0) -> 1 | D25: =VLOOKUP(A25,'Hoja 2'!A:D,4,0) -> Contrato 1 | E25: 0 | F25: 0 | G25: 0 | H25: 0 | I25: 0 | J25: 2000 | K25: 0
A26: 11147079-0 | B26: Claudina del Carmen Campos Castro | C26: =VLOOKUP(A26,'Hoja 2'!A:C,3,0) -> 1 | D26: =VLOOKUP(A26,'Hoja 2'!A:D,4,0) -> Contrato 1 | E26: 0 | F26: 0 | G26: 0 | H26: 0 | I26: 0 | J26: 2000 | K26: 0
A27: 10497251-9 | B27: Bernardita de las Mercedes Salas Sepulveda | C27: =VLOOKUP(A27,'Hoja 2'!A:C,3,0) -> 1 | D27: =VLOOKUP(A27,'Hoja 2'!A:D,4,0) -> Contrato 1 | E27: 0 | F27: 0 | G27: 0 | H27: 0 | I27: 0 | J27: 2000 | K27: 0
A28: 12655315-3 | B28: Viviana Alejandra Salazar Muñoz | C28: =VLOOKUP(A28,'Hoja 2'!A:C,3,0) -> 1 | D28: =VLOOKUP(A28,'Hoja 2'!A:D,4,0) -> Contrato 1 | E28: 0 | F28: 0 | G28: 0 | H28: 0 | I28: 0 | J28: 2000 | K28: 0
... A78: 18329507-1 | B78: Lucero Nicole Hermosilla Ayala | C78: =VLOOKUP(A78,'Hoja 2'!A:C,3,0) -> 1 | D78: =VLOOKUP(A78,'Hoja 2'!A:D,4,0) -> Contrato 1 | E78: 0 | F78: 0 | G78: 0 | H78: 0 | I78: 0 | J78: 2000 | K78: 2500
A79: 12899642-7 | B79: Leticia del Pilar Vidal Antipil | C79: =VLOOKUP(A79,'Hoja 2'!A:C,3,0) -> 1 | D79: =VLOOKUP(A79,'Hoja 2'!A:D,4,0) -> Contrato 1 | E79: 0 | F79: 0 | G79: 0 | H79: 0 | I79: 0 | J79: 2000 | K79: 0 | L79: DOBLE CUOTA
A80: 13662267-6 | B80: Sandra del Carmen Otárola Acevedo | C80: =VLOOKUP(A80,'Hoja 2'!A:C,3,0) -> 1 | D80: =VLOOKUP(A80,'Hoja 2'!A:D,4,0) -> Contrato 1 | E80: 0 | F80: 0 | G80: 0 | H80: 0 | I80: 0 | J80: 0 | K80: 0
A81: 18279265-9 | B81: Tamara Andrea Cristy Pradel | C81: =VLOOKUP(A81,'Hoja 2'!A:C,3,0) -> 1 | D81: =VLOOKUP(A81,'Hoja 2'!A:D,4,0) -> Contrato 1 | E81: 0 | F81: 0 | G81: 0 | H81: 0 | I81: 0 | J81: 2000 | K81: 0
A82: 19586396-2 | B82: Génesis Griselda Almarza González | C82: =VLOOKUP(A82,'Hoja 2'!A:C,3,0) -> 1 | D82: =VLOOKUP(A82,'Hoja 2'!A:D,4,0) -> Contrato 1 | E82: 0 | F82: 0 | G82: 0 | H82: 0 | I82: 0 | J82: 2000 | K82: 0
A83: 10289653-K | B83: Margarita de las Mercedes Reyes Rosales | C83: =VLOOKUP(A83,'Hoja 2'!A:C,3,0) -> 1 | D83: =VLOOKUP(A83,'Hoja 2'!A:D,4,0) -> Contrato 1 | E83: 0 | F83: 0 | G83: 0 | H83: 0 | I83: 0 | J83: 2000 | K83: 0
A84: 11644563-8 | B84: Olga Maria Álvarez del Río | C84: =VLOOKUP(A84,'Hoja 2'!A:C,3,0) -> 1 | D84: =VLOOKUP(A84,'Hoja 2'!A:D,4,0) -> Contrato 1 | E84: 0 | F84: 0 | G84: 0 | H84: 0 | I84: 0 | J84: 2000 | K84: 0
A85: 14039893-4 | B85: Rosa Viviana Carrasco Bahamondes | C85: =VLOOKUP(A85,'Hoja 2'!A:C,3,0) -> 1 | D85: =VLOOKUP(A85,'Hoja 2'!A:D,4,0) -> Contrato 1 | E85: 0 | F85: 0 | G85: 0 | H85: 0 | I85: 0 | J85: 2000 | K85: 0
A86: 13036778-K | B86: Elizabeth Catherine Palacios Negrete | C86: =VLOOKUP(A86,'Hoja 2'!A:C,3,0) -> 1 | D86: =VLOOKUP(A86,'Hoja 2'!A:D,4,0) -> Contrato 1 | E86: 0 | F86: 0 | G86: 0 | H86: 0 | I86: 0 | J86: 2000 | K86: 0
A87: 13085735-3 | B87: Isolina de las Mercedes González González | C87: =VLOOKUP(A87,'Hoja 2'!A:C,3,0) -> 1 | D87: =VLOOKUP(A87,'Hoja 2'!A:D,4,0) -> Contrato 1 | E87: 0 | F87: 0 | G87: 0 | H87: 0 | I87: 0 | J87: 2000 | K87: 0
A88: 19678087-4 | B88: Fernanda Tabita Melillan Garrido | C88: =VLOOKUP(A88,'Hoja 2'!A:C,3,0) -> 2 | D88: =VLOOKUP(A88,'Hoja 2'!A:D,4,0) -> Contrato 2 | E88: 0 | F88: 0 | G88: 0 | H88: 0 | I88: 0 | J88: 2000 | K88: 0
A89: 16787712-5 | B89: Estefanía Magaly Gallardo Rojas | C89: =VLOOKUP(A89,'Hoja 2'!A:C,3,0) -> 2 | D89: =VLOOKUP(A89,'Hoja 2'!A:D,4,0) -> Contrato 2 | E89: 0 | F89: 0 | G89: 0 | H89: 0 | I89: 0 | J89: 2000 | K89: 0
A90: 12672756-9 | B90: Monica del Carmen Borquez Borquez | C90: =VLOOKUP(A90,'Hoja 2'!A:C,3,0) -> 1 | D90: =VLOOKUP(A90,'Hoja 2'!A:D,4,0) -> CONTRATO 1 | E90: 0 | F90: 0 | G90: 0 | H90: 0 | I90: 0 | J90: 2000 | K90: 0
A91: 10549585-4 | B91: Soledad Ivonne Gutierrez Valdivia | C91: =VLOOKUP(A91,'Hoja 2'!A:C,3,0) -> 1 | D91: =VLOOKUP(A91,'Hoja 2'!A:D,4,0) -> Contrato 1 | E91: 0 | F91: 0 | G91: 0 | H91: 0 | I91: 0 | J91: 2000 | K91: 0
... A135: 12560540-0 | B135: Jessica Verónica Flores Canales | C135: =VLOOKUP(A135,'Hoja 2'!A:C,3,0) -> 2 | D135: =VLOOKUP(A135,'Hoja 2'!A:D,4,0) -> CONTRATO 2 | E135: 0 | F135: 0 | G135: 0 | H135: 0 | I135: 0 | J135: 2000 | K135: 2500
A136: 10869308-8 | B136: Gloria De las Mercedes Flores López | C136: =VLOOKUP(A136,'Hoja 2'!A:C,3,0) -> 1 | D136: =VLOOKUP(A136,'Hoja 2'!A:D,4,0) -> Contrato 1 | E136: 0 | F136: 0 | G136: 0 | H136: 0 | I136: 0 | J136: 2000 | K136: 2500 | L136: DOBLE CUOTA
A137: 10405227-4 | B137: Cecilia del Carmen Gómez Delgado | C137: =VLOOKUP(A137,'Hoja 2'!A:C,3,0) -> 1 | D137: =VLOOKUP(A137,'Hoja 2'!A:D,4,0) -> Contrato 1 | E137: 0 | F137: 0 | G137: 0 | H137: 0 | I137: 0 | J137: 2000 | K137: 2500 | L137: DOBLE CUOTA
A138: 15479761-0 | B138: Carolina Alejandra Díaz Herrera | C138: =VLOOKUP(A138,'Hoja 2'!A:C,3,0) -> 1 | D138: =VLOOKUP(A138,'Hoja 2'!A:D,4,0) -> Contrato 1 | E138: 0 | F138: 0 | G138: 0 | H138: 0 | I138: 0 | J138: 2000 | K138: 2500 | L138: DOBLE CUOTA
A139: 12330964-2 | B139: Cecilia Mirta Mulato Llao | C139: =VLOOKUP(A139,'Hoja 2'!A:C,3,0) -> 1 | D139: =VLOOKUP(A139,'Hoja 2'!A:D,4,0) -> Contrato 1 | E139: 0 | F139: 0 | G139: 0 | H139: 0 | I139: 0 | J139: 2000 | K139: 2500 | L139: DOBLE CUOTA
A140: 12639817-4 | B140: Carola Alejandra Godoy Navarro | C140: =VLOOKUP(A140,'Hoja 2'!A:C,3,0) -> 1 | D140: =VLOOKUP(A140,'Hoja 2'!A:D,4,0) -> Contrato 1 | E140: 0 | F140: 0 | G140: 0 | H140: 0 | I140: 0 | J140: 2000 | K140: 2500 | L140: DOBLE CUOTA
A141: 9570558-8 | B141: Marta Francisca Alvayay Gaete | C141: =VLOOKUP(A141,'Hoja 2'!A:C,3,0) -> 1 | D141: =VLOOKUP(A141,'Hoja 2'!A:D,4,0) -> Contrato 1 | E141: 0 | F141: 0 | G141: 0 | H141: 0 | I141: 0 | J141: 2000 | K141: 2500 | L141: DOBLE CUOTA
A142: 9605267-7 | B142: María Angélica Carrasco Carrasco | C142: =VLOOKUP(A142,'Hoja 2'!A:C,3,0) -> 1 | D142: =VLOOKUP(A142,'Hoja 2'!A:D,4,0) -> Contrato 1 | E142: 0 | F142: 0 | G142: 0 | H142: 0 | I142: 0 | J142: 2000 | K142: 2500 | L142: DOBLE CUOTA
A143: 13591999-3 | B143: Paola Alejandra Aguilar Velásquez | C143: =VLOOKUP(A143,'Hoja 2'!A:C,3,0) -> 1 | D143: =VLOOKUP(A143,'Hoja 2'!A:D,4,0) -> Contrato 1 | E143: 0 | F143: 0 | G143: 0 | H143: 0 | I143: 0 | J143: 2000 | K143: 0 | L143: DOBLE CUOTA
A144: 11688233-7 | B144: Cecilia del Carmen Henríquez Barra | C144: =VLOOKUP(A144,'Hoja 2'!A:C,3,0) -> 1 | D144: =VLOOKUP(A144,'Hoja 2'!A:D,4,0) -> Contrato 1 | E144: 0 | F144: 0 | G144: 0 | H144: 0 | I144: 0 | J144: 2000 | K144: 2500 | L144: DOBLE CUOTA
A145: 16932390-9 | B145: Romina Estefanía Leiva Martínez | C145: =VLOOKUP(A145,'Hoja 2'!A:C,3,0) -> 1 | D145: =VLOOKUP(A145,'Hoja 2'!A:D,4,0) -> Contrato Manipuladora | E145: 0 | F145: 0 | G145: 0 | H145: 0 | I145: 0 | J145: 2000 | K145: 0
A146: 13966995-9 | B146: Edhith Lorena Quezada Mario | C146: =VLOOKUP(A146,'Hoja 2'!A:C,3,0) -> 1 | D146: =VLOOKUP(A146,'Hoja 2'!A:D,4,0) -> Contrato 1 | E146: 0 | F146: 0 | G146: 0 | H146: 0 | I146: 0 | J146: 2000 | K146: 2500 | L146: DOBLE CUOTA
A147: 12876735-5 | B147: Natalia Lorena Orellana Gutiérrez | C147: =VLOOKUP(A147,'Hoja 2'!A:C,3,0) -> 1 | D147: =VLOOKUP(A147,'Hoja 2'!A:D,4,0) -> Contrato Manipuladora | E147: 0 | F147: 0 | G147: 0 | H147: 0 | I147: 0 | J147: 2000 | K147: 2500
A148: 9241708-5 | B148: Mary Sebastiana Utreras | C148: =VLOOKUP(A148,'Hoja 2'!A:C,3,0) -> 1 | D148: =VLOOKUP(A148,'Hoja 2'!A:D,4,0) -> Contrato 1 | E148: 0 | F148: 0 | G148: 0 | H148: 0 | I148: 0 | J148: 2000 | K148: 2500 | L148: DOBLE CUOTA
A149: 15608130-2 | B149: Karina del Carmen González López | C149: =VLOOKUP(A149,'Hoja 2'!A:C,3,0) -> 1 | D149: =VLOOKUP(A149,'Hoja 2'!A:D,4,0) -> Contrato 1 | E149: 0 | F149: 0 | G149: 0 | H149: 0 | I149: 0 | J149: 2000 | K149: 2500 | L149: DOBLE CUOTA
A150: 13298508-1 | B150: Pamela Graciela González San Martín | C150: =VLOOKUP(A150,'Hoja 2'!A:C,3,0) -> 1 | D150: =VLOOKUP(A150,'Hoja 2'!A:D,4,0) -> Contrato 1 | E150: 0 | F150: 0 | G150: 0 | H150: 0 | I150: 0 | J150: 2000 | K150: 2500 | L150: DOBLE CUOTA
A151: 16085526-6 | B151: Cynthia Judith Olivares Páez | C151: =VLOOKUP(A151,'Hoja 2'!A:C,3,0) -> 1 | D151: =VLOOKUP(A151,'Hoja 2'!A:D,4,0) -> Contrato 1 | E151: 0 | F151: 0 | G151: 0 | H151: 0 | I151: 0 | J151: 2000 | K151: 2500 | L151: DOBLE CUOTA
A152: 18698465-K | B152: Paola del Pilar Ruz Báez | C152: =VLOOKUP(A152,'Hoja 2'!A:C,3,0) -> 1 | D152: =VLOOKUP(A152,'Hoja 2'!A:D,4,0) -> Contrato 1 | E152: 0 | F152: 0 | G152: 0 | H152: 0 | I152: 0 | J152: 2000 | K152: 2500 | L152: DOBLE CUOTA
A153: 15328701-5 | B153: Jeanette Paola Marican Reyes | C153: =VLOOKUP(A153,'Hoja 2'!A:C,3,0) -> 1 | D153: =VLOOKUP(A153,'Hoja 2'!A:D,4,0) -> Contrato 1 | E153: 0 | F153: 0 | G153: 0 | H153: 0 | I153: 0 | J153: 0 | K153: 0 | L153: DOBLE CUOTA
A154: 11109932-4 | B154: Carolina Del Pilar Salazar Silva | C154: =VLOOKUP(A154,'Hoja 2'!A:C,3,0) -> 1 | D154: =VLOOKUP(A154,'Hoja 2'!A:D,4,0) -> Contrato 1 | E154: 0 | F154: 0 | G154: 0 | H154: 0 | I154: 0 | J154: 0 | K154: 0 | L154: DOBLE CUOTA
A155: 12900041-4 | B155: VERDUGO RODRIGUEZ MARCELA SOLEDAD | C155: =VLOOKUP(A155,'Hoja 2'!A:C,3,0) -> 1 | D155: =VLOOKUP(A155,'Hoja 2'!A:D,4,0) -> Contrato 1 | E155: 0 | F155: 0 | G155: 0 | H155: 0 | I155: 0 | J155: 0 | K155: 0
A156: 20188266-4 | B156: PASMIÑO VEJAR CAMILA ISABEL | C156: =VLOOKUP(A156,'Hoja 2'!A:C,3,0) -> 1 | D156: =VLOOKUP(A156,'Hoja 2'!A:D,4,0) -> Contrato 1 | E156: 0 | F156: 0 | G156: 0 | H156: 0 | I156: 0 | J156: 0 | K156: 0
A157: 13079036-4 | B157: NAVARRETE OLAVE GUILLERMINA LORETO | C157: =VLOOKUP(A157,'Hoja 2'!A:C,3,0) -> 1 | D157: =VLOOKUP(A157,'Hoja 2'!A:D,4,0) -> Contrato 1 | E157: 0 | F157: 0 | G157: 0 | H157: 0 | I157: 0 | J157: 0 | K157: 0
A158: 16692646-7 | B158: VEJAR PINO PAMELA ALEJANDRA | C158: =VLOOKUP(A158,'Hoja 2'!A:C,3,0) -> 1 | D158: =VLOOKUP(A158,'Hoja 2'!A:D,4,0) -> Contrato Manipuladora | E158: 0 | F158: 0 | G158: 0 | H158: 0 | I158: 0 | J158: 0 | K158: 0
A159: 10047557-K | B159: HERMOSILLA REYES LIDIA DEL CARMEN | C159: =VLOOKUP(A159,'Hoja 2'!A:C,3,0) -> 1 | D159: =VLOOKUP(A159,'Hoja 2'!A:D,4,0) -> Contrato 1 | E159: 0 | F159: 0 | G159: 0 | H159: 0 | I159: 0 | J159: 0 | K159: 0
A160: 12286189-9 | B160: URZUA FERNANDEZ PAOLA | C160: =VLOOKUP(A160,'Hoja 2'!A:C,3,0) -> 1 | D160: =VLOOKUP(A160,'Hoja 2'!A:D,4,0) -> Contrato 1 | E160: 0 | F160: 0 | G160: 0 | H160: 0 | I160: 0 | J160: 0 | K160: 0
A161: 12676483-9 | B161: CARREÑO TORO SANDY INGRID | C161: =VLOOKUP(A161,'Hoja 2'!A:C,3,0) -> 1 | D161: =VLOOKUP(A161,'Hoja 2'!A:D,4,0) -> Contrato 1 | E161: 0 | F161: 0 | G161: 0 | H161: 0 | I161: 0 | J161: 0 | K161: 0
A162: 17005312-5 | B162: DE LA FUENTE MERA NICOLE DENISSE | C162: =VLOOKUP(A162,'Hoja 2'!A:C,3,0) -> 1 | D162: =VLOOKUP(A162,'Hoja 2'!A:D,4,0) -> Contrato 1 | E162: 0 | F162: 0 | G162: 0 | H162: 0 | I162: 0 | J162: 0 | K162: 0
A163: 16265235-4 | B163: VERDUGO ALVAREZ KAREN HISIS | C163: =VLOOKUP(A163,'Hoja 2'!A:C,3,0) -> 1 | D163: =VLOOKUP(A163,'Hoja 2'!A:D,4,0) -> Contrato 1 | E163: 0 | F163: 0 | G163: 0 | H163: 0 | I163: 0 | J163: 0 | K163: 0
A164: 10584359-3 | B164: RODRIGUEZ CHAVEZ ADELA ADRIANA | C164: =VLOOKUP(A164,'Hoja 2'!A:C,3,0) -> 1 | D164: =VLOOKUP(A164,'Hoja 2'!A:D,4,0) -> Contrato 1 | E164: 0 | F164: 0 | G164: 0 | H164: 0 | I164: 0 | J164: 0 | K164: 0
A165: 17277873-9 | B165: CUEVAS LARA NICOLE VALESKA | C165: =VLOOKUP(A165,'Hoja 2'!A:C,3,0) -> 1 | D165: =VLOOKUP(A165,'Hoja 2'!A:D,4,0) -> Contrato 1 | E165: 0 | F165: 0 | G165: 0 | H165: 0 | I165: 0 | J165: 0 | K165: 0
A166: 12890222-8 | B166: ZAMORANO CARRASCO ELIZABETH | C166: =VLOOKUP(A166,'Hoja 2'!A:C,3,0) -> 1 | D166: =VLOOKUP(A166,'Hoja 2'!A:D,4,0) -> Contrato Manipuladora | E166: 0 | F166: 0 | G166: 0 | H166: 0 | I166: 0 | J166: 0 | K166: 0
... A308: 9972885-K | B308: MONICA DE LAS MERCEDES LABRA VASQUEZ | C308: =VLOOKUP(A308,'Hoja 2'!A:C,3,0) -> 1 | D308: =VLOOKUP(A308,'Hoja 2'!A:D,4,0) -> CONTRATO 1 | E308: 0 | F308: 0 | G308: 0 | H308: 0 | I308: 0 | J308: 0 | K308: 5000
A309: 16790446-7 | B309: ANGELINA DE LOURDES HUENCHUÑIR ARBORNOS | C309: =VLOOKUP(A309,'Hoja 2'!A:C,3,0) -> 1 | D309: =VLOOKUP(A309,'Hoja 2'!A:D,4,0) -> Contrato 1 | E309: 0 | F309: 0 | G309: 0 | H309: 0 | I309: 0 | J309: 0 | K309: 5000 | L309: DOBLE CUOTA
A310: 16785744-2 | B310: BARBARA ANDREA GODOY VILLASECA | C310: =VLOOKUP(A310,'Hoja 2'!A:C,3,0) -> 1 | D310: =VLOOKUP(A310,'Hoja 2'!A:D,4,0) -> Contrato 1 | E310: 0 | F310: 0 | G310: 0 | H310: 0 | I310: 0 | J310: 0 | K310: 0
A311: 13059326-7 | B311: BRITT PAZ JARAMILLO VERGARA | C311: =VLOOKUP(A311,'Hoja 2'!A:C,3,0) -> 1 | D311: =VLOOKUP(A311,'Hoja 2'!A:D,4,0) -> Contrato 1 | E311: 0 | F311: 0 | G311: 0 | H311: 0 | I311: 0 | J311: 0 | K311: 0
A312: 19095775-6 | B312: CAMILA MAKARENA CHAVEZ CHAVEZ | C312: =VLOOKUP(A312,'Hoja 2'!A:C,3,0) -> 1 | D312: =VLOOKUP(A312,'Hoja 2'!A:D,4,0) -> CONTRATO 1 | E312: 0 | F312: 0 | G312: 0 | H312: 0 | I312: 0 | J312: 0 | K312: 0
A313: 11886248-1 | B313: CAROL VICTORIA NUÑEZ MALLEA | C313: =VLOOKUP(A313,'Hoja 2'!A:C,3,0) -> 1 | D313: =VLOOKUP(A313,'Hoja 2'!A:D,4,0) -> Contrato 1 | E313: 0 | F313: 0 | G313: 0 | H313: 0 | I313: 0 | J313: 0 | K313: 5000 | L313: DOBLE CUOTA
A314: 15797811-K | B314: CAROLINA JASMIN LAGOS ARAMBURO | C314: =VLOOKUP(A314,'Hoja 2'!A:C,3,0) -> 1 | D314: =VLOOKUP(A314,'Hoja 2'!A:D,4,0) -> Contrato 1 | E314: 0 | F314: 0 | G314: 0 | H314: 0 | I314: 0 | J314: 0 | K314: 0 | L314: DOBLE CUOTA
A315: 19587513-8 | B315: CATALINA ANGELICA ROMAN CUBILLO | C315: =VLOOKUP(A315,'Hoja 2'!A:C,3,0) -> 1 | D315: =VLOOKUP(A315,'Hoja 2'!A:D,4,0) -> Contrato 1 | E315: 0 | F315: 0 | G315: 0 | H315: 0 | I315: 0 | J315: 0 | K315: 0
A316: 13474656-4 | B316: CLAUDIA ANDREA PINTO MONDACA | C316: =VLOOKUP(A316,'Hoja 2'!A:C,3,0) -> 1 | D316: =VLOOKUP(A316,'Hoja 2'!A:D,4,0) -> Contrato Manipuladora | E316: 0 | F316: 0 | G316: 0 | H316: 0 | I316: 0 | J316: 0 | K316: 0 | L316: DOBLE CUOTA
A317: 16787098-8 | B317: CLAUDIA BEATRIZ COFRE ALCAMAN | C317: =VLOOKUP(A317,'Hoja 2'!A:C,3,0) -> 1 | D317: =VLOOKUP(A317,'Hoja 2'!A:D,4,0) -> Contrato 1 | E317: 0 | F317: 0 | G317: 0 | H317: 0 | I317: 0 | J317: 0 | K317: 0 | L317: DOBLE CUOTA
A318: 15708589-1 | B318: CLAUDIA VIVIANA GONZALEZ PINCHETTI | C318: =VLOOKUP(A318,'Hoja 2'!A:C,3,0) -> 1 | D318: =VLOOKUP(A318,'Hoja 2'!A:D,4,0) -> Contrato 1 | E318: 0 | F318: 0 | G318: 0 | H318: 0 | I318: 0 | J318: 0 | K318: 0
A319: 14364755-2 | B319: CLAUDIA XIMENA ZURITA MORAGA | C319: =VLOOKUP(A319,'Hoja 2'!A:C,3,0) -> 1 | D319: =VLOOKUP(A319,'Hoja 2'!A:D,4,0) -> Contrato 1 | E319: 0 | F319: 0 | G319: 0 | H319: 0 | I319: 0 | J319: 0 | K319: 0
A320: 16085526-6 | B320: CYNTHIA JUDITH OLIVARES PAEZ | C320: =VLOOKUP(A320,'Hoja 2'!A:C,3,0) -> 1 | D320: =VLOOKUP(A320,'Hoja 2'!A:D,4,0) -> Contrato 1 | E320: 0 | F320: 0 | G320: 0 | H320: 0 | I320: 0 | J320: 0 | K320: 0
A321: 9612209-8 | B321: ERIKA PAZ RIQUELME AVENDAÑO | C321: =VLOOKUP(A321,'Hoja 2'!A:C,3,0) -> 1 | D321: =VLOOKUP(A321,'Hoja 2'!A:D,4,0) -> Contrato 1 | E321: 0 | F321: 0 | G321: 0 | H321: 0 | I321: 0 | J321: 0 | K321: 5000 | L321: DOBLE CUOTA
A322: 11856183-K | B322: FARAH MARGARITA PEREZ JOCHAVA | C322: =VLOOKUP(A322,'Hoja 2'!A:C,3,0) -> 1 | D322: =VLOOKUP(A322,'Hoja 2'!A:D,4,0) -> Contrato 1 | E322: 0 | F322: 0 | G322: 0 | H322: 0 | I322: 0 | J322: 0 | K322: 0
A323: 12031679-6 | B323: GLADYS MARGARITA ROMERO GONZALEZ | C323: =VLOOKUP(A323,'Hoja 2'!A:C,3,0) -> 1 | D323: =VLOOKUP(A323,'Hoja 2'!A:D,4,0) -> Contrato 1 | E323: 0 | F323: 0 | G323: 0 | H323: 0 | I323: 0 | J323: 0 | K323: 5000
A324: 16198794-8 | B324: GLORIA ANDREA CATRICURA BERTRAND | C324: =VLOOKUP(A324,'Hoja 2'!A:C,3,0) -> 1 | D324: =VLOOKUP(A324,'Hoja 2'!A:D,4,0) -> Contrato 1 | E324: 0 | F324: 0 | G324: 0 | H324: 0 | I324: 0 | J324: 0 | K324: 0
A325: 10024007-6 | B325: GRICELDA ANGELICA GRUZ GUTIERREZ | C325: =VLOOKUP(A325,'Hoja 2'!A:C,3,0) -> 1 | D325: =VLOOKUP(A325,'Hoja 2'!A:D,4,0) -> Contrato 1 | E325: 0 | F325: 0 | G325: 0 | H325: 0 | I325: 0 | J325: 0 | K325: 0
A326: 6597030-9 | B326: HILDA MERCEDES LLINAS LEON | C326: =VLOOKUP(A326,'Hoja 2'!A:C,3,0) -> 1 | D326: =VLOOKUP(A326,'Hoja 2'!A:D,4,0) -> Contrato 1 | E326: 0 | F326: 0 | G326: 0 | H326: 0 | I326: 0 | J326: 0 | K326: 5000
A327: 17410373-9 | B327: ISABEL ENRIQUETA AGULERA INAQUIEL | C327: =VLOOKUP(A327,'Hoja 2'!A:C,3,0) -> 1 | D327: =VLOOKUP(A327,'Hoja 2'!A:D,4,0) -> Contrato 1 | E327: 0 | F327: 0 | G327: 0 | H327: 0 | I327: 0 | J327: 0 | K327: 0
A328: 10621973-7 | B328: ISOLINA DEL ROSARIO FLORES PEÑA | C328: =VLOOKUP(A328,'Hoja 2'!A:C,3,0) -> 1 | D328: =VLOOKUP(A328,'Hoja 2'!A:D,4,0) -> Contrato 1 | E328: 0 | F328: 0 | G328: 0 | H328: 0 | I328: 0 | J328: 0 | K328: 5000
A329: 10316354-4 | B329: JACQUELINE DEL CARMEN MUÑOZ LAGOS | C329: =VLOOKUP(A329,'Hoja 2'!A:C,3,0) -> 1 | D329: =VLOOKUP(A329,'Hoja 2'!A:D,4,0) -> Contrato 1 | E329: 0 | F329: 0 | G329: 0 | H329: 0 | I329: 0 | J329: 0 | K329: 0 | L329: DOBLE CUOTA
A330: 11682594-5 | B330: JULIA BEATRIZ ESPINOZA RIVERA | C330: =VLOOKUP(A330,'Hoja 2'!A:C,3,0) -> 1 | D330: =VLOOKUP(A330,'Hoja 2'!A:D,4,0) -> Contrato PMA1 | E330: 0 | F330: 0 | G330: 0 | H330: 0 | I330: 0 | J330: 0 | K330: 0
A331: 15504486-1 | B331: KATHERINE ELIZABETH TRONCOSO DUCOS | C331: =VLOOKUP(A331,'Hoja 2'!A:C,3,0) -> 1 | D331: =VLOOKUP(A331,'Hoja 2'!A:D,4,0) -> Contrato 1 | E331: 0 | F331: 0 | G331: 0 | H331: 0 | I331: 0 | J331: 0 | K331: 0 | L331: DOBLE CUOTA
A332: 14589640-1 | B332: KATHERINE MACARENA HURTADO GONZALEZ | C332: =VLOOKUP(A332,'Hoja 2'!A:C,3,0) -> 1 | D332: =VLOOKUP(A332,'Hoja 2'!A:D,4,0) -> Contrato 1 | E332: 0 | F332: 0 | G332: 0 | H332: 0 | I332: 0 | J332: 0 | K332: 5000
A333: 13695700-7 | B333: LAURA SOLEDAD SALAZAR TOLEDO | C333: =VLOOKUP(A333,'Hoja 2'!A:C,3,0) -> 1 | D333: =VLOOKUP(A333,'Hoja 2'!A:D,4,0) -> Contrato 1 | E333: 0 | F333: 0 | G333: 0 | H333: 0 | I333: 0 | J333: 0 | K333: 0
A334: 16087071-0 | B334: LESLIE JACQUELINE PEREZ MUÑOZ | C334: =VLOOKUP(A334,'Hoja 2'!A:C,3,0) -> 1 | D334: =VLOOKUP(A334,'Hoja 2'!A:D,4,0) -> Contrato 1 | E334: 0 | F334: 0 | G334: 0 | H334: 0 | I334: 0 | J334: 0 | K334: 0 | L334: DOBLE CUOTA
A335: 16087356-6 | B335: MACARENA EDUVIGIS PALACIO VIDAL | C335: =VLOOKUP(A335,'Hoja 2'!A:C,3,0) -> 1 | D335: =VLOOKUP(A335,'Hoja 2'!A:D,4,0) -> Contrato 1 | E335: 0 | F335: 0 | G335: 0 | H335: 0 | I335: 0 | J335: 0 | K335: 0
...

Sheet Hoja 2
A1: Plantilla | B1: Nombre colaborador | C1: Contrato | D1: Nombre de contrato
A2: 10011747-9 | B2: FIGUEROA ARANDA VERONICA DEL CARMEN | C2: 1 | D2: Contrato 1
A3: 10024007-6 | B3: CRUZ GUTIERREZ GRICELDA ANGELICA | C3: 1 | D3: Contrato 1
A4: 10047557-K | B4: HERMOSILLA REYES LIDIA DEL CARMEN | C4: 1 | D4: Contrato 1
A5: 10074715-4 | B5: MOLINA DELGADO LAURA DEL CARMEN | C5: 1 | D5: Contrato 1
A6: 10081913-9 | B6: MARTINEZ VALENZUELA ESTRELLA DEL CARMEN | C6: 1 | D6: Contrato 1
A7: 10115215-4 | B7: AREVALO VILLARROEL NANCY EUGENIA | C7: 1 | D7: Contrato 1
A8: 10143653-5 | B8: BRICEÑO ROMERO SILVIA DEL CARMEN | C8: 1 | D8: Contrato 1
A9: 10147004-0 | B9: VASQUEZ TENO MARISOL DE LAS MERCEDES | C9: 1 | D9: Contrato 1
A10: 10194223-6 | B10: RABANAL RAMOS CLAUDIA MONICA | C10: 1 | D10: Contrato 1
A11: 10197877-K | B11: MUÑOZ GAJARDO ROSA MARITZA | C11: 1 | D11: Contrato 1
A12: 10224404-4 | B12: VARELA ARAVENA ADRIANA IVON | C12: 1 | D12: Contrato 1
A13: 10250776-2 | B13: LOBOS RUBIO IRENE DEL CARMEN | C13: 1 | D13: Contrato 1
... A847: 9991284-7 | B847: TRONCOSO RODRIGUEZ ANA MARIA | C847: 1 | D847: Contrato 1
